"zakup_id","paragon_id","sklep","produkt","kategoria","podkategoria","data","kwota","ilosc","jednostka","rabat","zaplacono"
1,1,Lidl,Pomidory susz.paski,dom,jedzenie,"2026-09-30",14.98,2.000,szt,1.50,13.48
2,1,Lidl,reklamówka,dom,torba zakupowa,"2026-09-30",0.79,1.000,szt,0.00,0.79
3,1,Lidl,Makaron tagliatelle,dom,jedzenie,"2026-09-30",5.49,1.000,szt,0.00,5.49
4,1,Lidl,Jabłka Ligol,dom,jedzenie,"2026-09-30",2.66,0.534,kg,0.00,2.66
5,1,Lidl,Black Napój Energ.,dom,energetyk,"2026-09-30",5.98,2.000,szt,0.00,5.98
6,1,Lidl,Szpinak baby,dom,jedzenie,"2026-09-30",5.99,1.000,szt,0.00,5.99
7,1,Lidl,Uniflora Kiełki,dom,jedzenie,"2026-09-30",4.29,1.000,szt,0.00,4.29
8,1,Lidl,Szczypiorek,dom,jedzenie,"2026-09-30",2.99,1.000,szt,0.00,2.99
9,1,Lidl,Makaron Linguine,dom,jedzenie,"2026-09-30",5.49,1.000,szt,0.00,5.49
10,1,Lidl,Lubella Spaghetti,dom,jedzenie,"2026-09-30",4.49,1.000,szt,0.00,4.49
11,1,Lidl,Bajgel z makiem,dom,jedzenie,"2026-09-30",3.38,2.000,szt,0.00,3.38
12,1,Lidl,Rzodkiewki pęczek,dom,jedzenie,"2026-09-30",2.69,1.000,szt,0.00,2.69
13,1,Lidl,Garage Hard Piwo,dom,alkohol,"2026-09-30",5.99,1.000,szt,0.00,5.99
14,1,Lidl,Polędwiczki kurczak,dom,jedzenie,"2026-09-30",11.99,1.000,szt,0.00,11.99
15,1,Lidl,Sushi Tokyo,dom,jedzenie,"2026-09-30",7.49,1.000,szt,0.00,7.49
16,2,zooplus,Benek Super Lawenda,koty,żwirek,"2026-09-19",61.57,25.000,l,0.00,61.57
17,2,zooplus,Wiejska Zagroda Kitten ( kurczak z łososiem ),koty,karma sucha,"2026-09-19",112.96,5.000,kg,0.00,112.96
18,2,zooplus,Wild Freedom Kitten,koty,karma mokra,"2026-09-19",90.21,4.800,kg,0.00,90.21
19,2,zooplus,Rabat na paragon,koty,rabat,"2026-09-19",0.00,1.000,szt,13.24,-13.24
